game, strategy_1,strategy_2,Grid,game_number,win_rate,average_turns,min_turns,max_turns,average_iteration_time,average_iteration_time_max,average_iteration_time_min,average_total_time,average_turns_win,average_turns_loss
mcts,alpha-beta,7,50,0.62,29.54,19,34,12.778717167669358,12.559620191295288,12.778717098758698,737.9694215011597,28.225806451612904,31.68421052631579
Gopher,strategy_random,strategy_minmax,7,1,0.0,32.0,32,32,0.7450161129236221,4.706531763076782e-05,0.7450154423713684,23.85905909538269,0,32.0
Gopher,strategy_random,strategy_minmax,7,1,1.0,33.0,33,33,5.86381708830595,4.9684986923680164e-05,5.8638161569833755,187.66129207611084,33.0,0
Dodo,strategy_random,strategy_minmax,7,1,1.0,0.0,0,0,0.0,0.0,0.0,1.0967254638671875e-05,0.0,0
Dodo,strategy_random,strategy_minmax,7,1,1.0,0.0,0,0,0.0,0.0,0.0,1.0967254638671875e-05,0.0,0
Dodo,strategy_random,strategy_minmax,7,1,1.0,0.0,0,0,0.0,0.0,0.0,1.5974044799804688e-05,0.0,0
Dodo,strategy_random,strategy_minmax,7,1,1.0,0.0,0,0,0.0,0.0,0.0,1.4781951904296875e-05,0.0,0
