game, strategy_1,strategy_2,Grid,game_number,win_rate,average_turns,min_turns,max_turns,average_iteration_time,average_iteration_time_max,average_iteration_time_min,average_total_time,average_turns_win,average_turns_loss
mcts,alpha-beta,7,50,0.62,29.54,19,34,12.778717167669358,12.559620191295288,12.778717098758698,737.9694215011597,28.225806451612904,31.68421052631579
Gopher,strategy_random,strategy_minmax,7,1,0.0,32.0,32,32,0.7450161129236221,4.706531763076782e-05,0.7450154423713684,23.85905909538269,0,32.0
Gopher,strategy_random,strategy_minmax,7,1,1.0,33.0,33,33,5.86381708830595,4.9684986923680164e-05,5.8638161569833755,187.66129207611084,33.0,0
Gopher,strategy_random,strategy_minmax,7,1,0.0,31.0,31,31,8.905162211387388,4.4884220246345764e-05,8.905161119276478,276.078006029129,0,31.0
Gopher,strategy_random,strategy_minmax,7,1,1.0,31.0,31,31,7.2649193207422895,2.8790239134142475,7.264918271700541,307.21487188339233,31.0,0
Gopher,strategy_minmax,strategy_random,7,1,1.0,17.0,17,17,2.9206275939941406e-05,2.8058606877046475,2.823770046234131e-05,47.707436084747314,17.0,0
Gopher,strategy_minmax,strategy_random,7,1,1.0,27.0,27,27,3.3763738778921274e-05,2.7376308794374817,3.25166262113131e-05,73.93006420135498,27.0,0
